CREATE DOMAIN chk_categoria text CHECK (value='DRAMA' OR value='COMEDIA');
CREATE DOMAIN chk_status text CHECK (value='DISPONIVEL' OR value='INDISPONIVEL');

create table tbl_cliente(
	codigo_cliente integer primary key,
	Nome varchar(100) not null,
	Cidade varchar(100),
	Endereco varchar(100)
);

create table tbl_titulo(
	codigo_titulo integer primary key,
	titulo varchar(100) not null,
	descricao varchar(200),
	categoria chk_categoria
);

create table tbl_livros(
	cod_livro integer primary key,
	codigo_titulo integer REFERENCES tbl_titulo(codigo_titulo),
	status chk_status
);

create table tbl_emprestimo(
	numero_emprestimo integer primary key,
	codigo_cliente integer REFERENCES tbl_cliente(codigo_cliente),
	codigo_livro integer REFERENCES tbl_liVros(cod_livro)
);

insert into tbl_cliente
values
    (1, 'João Silva', 'São Paulo', 'Rua A, 123'),
    (2, 'Maria Santos', 'Rio de Janeiro', 'Av. B, 456'),
    (3, 'Pedro Almeida', 'Belo Horizonte', 'Rua C, 789'),
    (4, 'Ana Oliveira', 'Salvador', 'Av. D, 1011'),
    (5, 'Carlos Lima', 'Brasília', 'Rua E, 1213');
	
insert into tbl_titulo
values
    (1, 'Aventuras Urbanas', 'Uma história emocionante', 'DRAMA'),
    (2, 'Mistérios Antigos', 'Enigmas por resolver', 'COMEDIA'),
    (3, 'Amor nas Estrelas', 'Um romance intergaláctico', 'DRAMA'),
    (4, 'Código Enigmático', 'Segredos ocultos', 'COMEDIA'),
    (5, 'Histórias Perdidas', 'Contos esquecidos', 'DRAMA');
	
insert into tbl_livros
values
    (1, 1, 'DISPONIVEL'),
    (2, 1, 'INDISPONIVEL'),
    (3, 2, 'DISPONIVEL'),
    (4, 3, 'INDISPONIVEL'),
    (5, 4, 'DISPONIVEL');
insert into tbl_emprestimo
values
    (1, 1, 2),
    (2, 2, 4),
    (3, 3, 1),
    (4, 4, 5),
    (5, 5, 3);

select a.titulo, b.status from tbl_titulo a inner join tbl_livros b ON a.codigo_titulo = b.codigo_titulo;

select a.titulo, b.status, a.descricao from tbl_titulo a inner join tbl_livros b ON a.codigo_titulo = b.codigo_titulo
where status='ALUGADO';

select a.nome, c.status from tbl_cliente a inner join tbl_emprestimo b ON a.codigo_cliente = b.codigo_cliente
inner join tbl_livros c ON b.codigo_cliente = c.cod_livro
where status='DISPONIVEL';

select a.titulo, a.categoria, b.status from tbl_titulo a inner join tbl_livros b ON a.codigo_titulo = b.codigo_titulo
where status='DISPONIVEL';

select a.nome, d.titulo, c.status from tbl_cliente a inner join tbl_emprestimo b ON a.codigo_cliente = b.codigo_cliente
inner join tbl_livros c ON b.codigo_cliente = c.cod_livro
inner join tbl_titulo d ON c.codigo_titulo = d.codigo_titulo
where status='ALUGADO';

select a.nome, d.titulo, c.status from tbl_cliente a inner join tbl_emprestimo b ON a.codigo_cliente = b.codigo_cliente
inner join tbl_livros c ON b.codigo_cliente = c.cod_livro
inner join tbl_titulo d ON c.codigo_titulo = d.codigo_titulo
where nome='Ana Oliveira';
